Variant,Ref,Alt,Genotype,Weight,Contribution
chr1:113630788,A,G,1/1,-0.03224084,-0.06448168
chr2:35202184,A,T,1/1,-0.03167138,-0.06334276
chr15:35170019,C,T,0/1,0.06112322,0.06112322
chr12:111535554,A,G,1/1,-0.02813884,-0.05627768
chr2:26710019,A,G,1/1,-0.02579095,-0.0515819
chr7:122508944,T,C,1/1,0.02560756,0.05121512
chr7:75532956,A,G,1/1,-0.02544849,-0.05089698
chr9:22098620,A,G,1/1,0.0254444,0.0508888
chr21:34544067,T,C,1/1,-0.0241524,-0.0483048
chr9:133266456,T,C,1/1,-0.02243603,-0.04487206
chr6:26272601,T,C,1/1,-0.02229958,-0.04459916
chr3:179271046,A,C,1/1,-0.02007411,-0.04014822
chr16:69939752,C,G,1/1,0.01973529,0.03947058
chr6:108672958,A,G,1/1,0.01970409,0.03940818
chr5:159874579,T,C,1/1,-0.019483,-0.038966
chr7:17125812,T,C,1/1,0.01927048,0.03854096
chr2:163609206,G,A,0/1,0.03770562,0.03770562
chr8:1786286,C,G,1/1,0.01881099,0.03762198
chr12:46185807,A,G,1/1,0.01861886,0.03723772
chr12:124844767,T,C,1/1,0.01844897,0.03689794
chr1:154449591,T,C,1/1,-0.01800108,-0.03600216
chr6:131101935,T,C,1/1,0.01785155,0.0357031
chr9:104280969,T,G,1/1,0.01776986,0.03553972
chr16:7402162,A,G,1/1,-0.01759102,-0.03518204
chr3:150428695,T,C,1/1,0.01730949,0.03461898
chr7:97764646,T,C,1/1,-0.01709763,-0.03419526
chr11:32338346,T,C,1/1,0.01692623,0.03385246
chr13:37869429,A,G,1/1,-0.01671151,-0.03342302
chr6:139606952,A,G,0/1,0.03338943,0.03338943
chr2:104073356,A,C,1/1,-0.01662276,-0.03324552
chr7:156936062,T,C,1/1,-0.01661104,-0.03322208
chr5:63405519,A,G,1/1,0.01660311,0.03320622
chr4:112299646,T,C,1/1,0.01650756,0.03301512
chr1:213839756,C,A,0/1,0.03290756,0.03290756
chr3:58064164,A,G,1/1,-0.01643488,-0.03286976
chr12:49624192,G,A,0/1,-0.03274759,-0.03274759
chr16:24714916,A,G,1/1,0.01634471,0.03268942
chr12:95187042,T,G,0/1,-0.03181993,-0.03181993
chr15:42729788,G,A,0/1,-0.03148293,-0.03148293
chr1:38961702,A,C,0/1,-0.02960046,-0.02960046
chr16:72041694,A,T,0/1,0.02797694,0.02797694
chr9:1454200,T,C,0/1,0.0272904,0.0272904
chr12:959018,T,C,0/1,-0.02671866,-0.02671866
chr7:151641800,A,G,0/1,-0.02531076,-0.02531076
chr4:49311475,A,C,0/1,-0.02526748,-0.02526748
chr3:34782122,C,T,0/1,0.0252227,0.0252227
chr8:27580789,A,C,0/1,-0.02503297,-0.02503297
chr20:62353668,G,A,0/1,-0.02488215,-0.02488215
chr2:236173211,C,T,0/1,0.0240122,0.0240122
chr5:173979803,G,A,0/1,-0.02383047,-0.02383047
chr2:175469264,A,C,0/1,0.02374903,0.02374903
chr1:231023337,G,T,0/1,-0.02246548,-0.02246548
chr6:43378065,C,T,0/1,0.0223951,0.0223951
chr5:57883666,C,T,0/1,-0.02208407,-0.02208407
chr1:177909798,G,A,0/1,0.02158212,0.02158212
chr8:95732175,T,C,0/1,0.02133224,0.02133224
chr15:91013956,C,T,0/1,-0.02130873,-0.02130873
chr7:130045757,G,A,0/1,-0.02107105,-0.02107105
chr13:28040996,A,G,0/1,0.02092247,0.02092247
chr3:68827289,T,G,0/1,0.02073705,0.02073705
chr21:21881735,A,G,0/1,-0.02034416,-0.02034416
chr9:89568498,C,T,0/1,0.02022124,0.02022124
chr1:53285938,C,T,0/1,0.02012471,0.02012471
chr3:183132096,G,A,0/1,-0.01994846,-0.01994846
chr4:15522985,A,G,0/1,0.01988862,0.01988862
chr8:9751081,C,G,0/1,0.01988247,0.01988247
chr10:101427081,G,A,0/1,-0.01952538,-0.01952538
chr9:109142124,A,G,0/1,-0.01944827,-0.01944827
chr8:58893179,G,A,0/1,-0.01924554,-0.01924554
chr11:107501820,A,T,0/1,0.01915492,0.01915492
chr13:61496248,T,A,0/1,-0.01914567,-0.01914567
chr20:3843057,G,T,0/1,0.01907842,0.01907842
chr1:190702159,T,C,0/1,0.0188359,0.0188359
chr8:10723040,G,C,0/1,-0.01880796,-0.01880796
chr16:3963466,C,T,0/1,0.01865113,0.01865113
chr5:29759510,T,A,0/1,0.01834697,0.01834697
chr4:18570403,G,A,0/1,-0.01829999,-0.01829999
chr6:20241225,C,T,0/1,0.01827706,0.01827706
chr15:77484156,C,G,0/1,0.01821492,0.01821492
chr2:211435330,T,C,0/1,-0.01815958,-0.01815958
chr2:169119595,T,G,0/1,-0.01775499,-0.01775499
chr11:131586590,T,A,0/1,0.01773506,0.01773506
chr11:12158967,C,G,0/1,-0.01764159,-0.01764159
chr3:86070456,G,A,0/1,-0.01740551,-0.01740551
chr6:78964459,G,A,0/1,0.01738146,0.01738146
chr8:97092861,G,A,0/1,0.01721742,0.01721742
chr14:99396552,T,C,0/1,0.01708391,0.01708391
chr3:11338484,C,T,0/1,0.01701289,0.01701289
chr19:13480958,A,C,0/1,-0.01661913,-0.01661913
chr7:78510264,G,T,0/1,0.01640201,0.01640201
chr2:137559546,A,C,0/1,0.01639592,0.01639592
chr21:15214452,T,C,0/1,-0.01633604,-0.01633604
chr10:24799117,G,C,0/1,-0.01613775,-0.01613775
chr3:67382765,C,T,0/1,0.01599629,0.01599629
chr15:78254979,A,G,0/1,-0.01582942,-0.01582942
chr10:131294869,C,T,0/1,-0.01581834,-0.01581834
chr1:109275908,C,T,1/1,0.02278434,0
chr2:60491212,C,T,1/1,0.01818776,0
chr2:124414313,T,A,1/1,0.01929009,0
chr2:142063956,T,A,1/1,-0.01837079,0
chr2:213135123,G,T,1/1,0.03720714,0
chr3:150014250,G,T,1/1,-0.02313938,0
chr5:56965232,G,A,1/1,-0.02528879,0
chr6:5087853,G,A,1/1,-0.0166373,0
chr6:33681220,G,A,1/1,-0.01787149,0
chr7:19013110,G,A,1/1,0.02676652,0
chr7:27167882,G,A,1/1,0.02844202,0
chr7:99505154,G,C,1/1,-0.02665403,0
chr9:73682911,G,T,1/1,-0.01959911,0
chr11:45322147,C,T,1/1,0.044513,0
chr11:75456338,G,T,1/1,-0.01943412,0
chr12:21204797,C,T,1/1,-0.02648498,0
chr12:30261926,C,T,1/1,0.01678217,0
chr12:65978100,G,T,1/1,0.01644265,0
chr12:132525876,G,A,1/1,0.01954823,0
chr13:66536218,C,T,1/1,-0.01876103,0
chr14:74806410,C,A,1/1,0.02262764,0
chr15:78525587,C,T,1/1,-0.04367556,0
chr16:10111834,G,C,1/1,0.01677593,0
chr16:12120314,G,C,1/1,0.01714205,0
chr16:81546222,C,T,1/1,0.01991392,0
chr17:44568120,G,T,1/1,-0.0248249,0
chr20:12692617,C,T,1/1,0.01771675,0
chr21:38675252,G,A,1/1,0.0189323,0
