Variant ID	Position	Reference	Alternate	Genotype	Quality	Filter	gnomAD Global AF	gnomAD European AF	Longevity Association	Effect
6:108554799_G>A	6:108554799	G	A	1/1	63.96	PASS	1	N/A		
6:108564790_GT>G	6:108564790	GT	G	1/1	56.07	PASS	1	N/A		
6:108567237_A>G	6:108567237	A	G	1/1	64.61	PASS	1	N/A		
6:108567390_C>G	6:108567390	C	G	1/1	65.89	PASS	1	N/A		
6:108569987_GTTTTTTTTTT>G	6:108569987	GTTTTTTTTTT	G	1/1	54.23	PASS	1	N/A		
6:108573235_C>T	6:108573235	C	T	1/1	68.97	PASS	1	N/A		
6:108574183_C>T	6:108574183	C	T	1/1	55.91	PASS	1	N/A		
6:108575012_A>G	6:108575012	A	G	1/1	59.21	PASS	1	N/A		
6:108575789_G>A	6:108575789	G	A	1/1	64.17	PASS	1	N/A		
6:108576719_C>T	6:108576719	C	T	1/1	54.39	PASS	1	N/A		
6:108577202_T>TA	6:108577202	T	TA	1/1	53.37	PASS	1	N/A		
6:108580183_A>AT	6:108580183	A	AT	1/1	46.24	PASS	1	N/A		
6:108581446_A>G	6:108581446	A	G	1/1	63.89	PASS	1	N/A		
6:108584477_G>A	6:108584477	G	A	1/1	65.34	PASS	1	N/A		
6:108584722_T>A	6:108584722	T	A	1/1	63.77	PASS	1	N/A		
6:108585022_C>CTTTTT,CTTTT	6:108585022	C	CTTTTT,CTTTT	1/2	26.48	PASS	0.5,0.5	N/A		
6:108586936_ATATTATTAT>ATAT,A	6:108586936	ATATTATTAT	ATAT,A	1/2	45.33	PASS	0.5,0.5	N/A		
6:108587315_G>T	6:108587315	G	T	1/1	62.4	PASS	1	N/A		
6:108591886_TAA>T	6:108591886	TAA	T	1/1	52.01	PASS	1	N/A		
6:108599386_A>G	6:108599386	A	G	1/1	63.67	PASS	1	N/A		
6:108600344_A>G	6:108600344	A	G	1/1	67.54	PASS	1	N/A		
6:108600546_CA>C	6:108600546	CA	C	1/1	43.11	PASS	1	N/A		
6:108605293_A>G	6:108605293	A	G	1/1	67.99	PASS	1	N/A		
6:108606639_A>G	6:108606639	A	G	1/1	65.27	PASS	1	N/A		
6:108609430_T>C	6:108609430	T	C	1/1	65.29	PASS	1	N/A		
6:108610957_C>T	6:108610957	C	T	1/1	63.36	PASS	1	N/A		
6:108611098_AT>A	6:108611098	AT	A	0/1	35.29	PASS	0.5	N/A		
6:108613258_C>T	6:108613258	C	T	1/1	60.48	PASS	1	N/A		
6:108613318_T>C	6:108613318	T	C	0/1	47.04	PASS	0.5	N/A		
6:108613361_GT>G	6:108613361	GT	G	1/1	55.06	PASS	1	N/A		
6:108613929_A>G	6:108613929	A	G	1/1	49.94	PASS	1	N/A		
6:108616156_GT>G	6:108616156	GT	G	0/1	38.77	PASS	0.5	N/A		
6:108620671_ATTTTC>A	6:108620671	ATTTTC	A	1/1	43.82	PASS	1	N/A		
6:108622962_C>T	6:108622962	C	T	1/1	60.26	PASS	1	N/A		
6:108624167_A>C	6:108624167	A	C	1/1	63.49	PASS	1	N/A		
6:108626617_C>CT	6:108626617	C	CT	1/1	54.09	PASS	1	N/A		
6:108627138_T>A	6:108627138	T	A	1/1	62.88	PASS	1	N/A		
6:108635301_A>T	6:108635301	A	T	1/1	59.73	PASS	1	N/A		
6:108639800_C>T	6:108639800	C	T	1/1	61.96	PASS	1	N/A		
6:108642089_G>GTT	6:108642089	G	GTT	1/1	55.85	PASS	1	N/A		
6:108642344_A>G	6:108642344	A	G	1/1	65.54	PASS	1	N/A		
6:108643836_G>A	6:108643836	G	A	1/1	65.93	PASS	1	N/A		
6:108646643_T>C	6:108646643	T	C	1/1	58.44	PASS	1	N/A		
6:108649008_TA>T	6:108649008	TA	T	1/1	44.59	PASS	1	N/A		
6:108652895_C>T	6:108652895	C	T	1/1	62.95	PASS	1	N/A		
6:108653543_A>C	6:108653543	A	C	1/1	64.28	PASS	1	N/A		
6:108656460_T>C	6:108656460	T	C	1/1	62.78	PASS	1	N/A		
6:108659914_A>G	6:108659914	A	G	1/1	66.84	PASS	1	N/A		
6:108661389_G>GC	6:108661389	G	GC	1/1	59.55	PASS	1	N/A		
6:108662324_C>T	6:108662324	C	T	1/1	63.96	PASS	1	N/A		
6:108665812_G>GA	6:108665812	G	GA	1/1	52.84	PASS	1	N/A		
6:108666981_G>A	6:108666981	G	A	1/1	61.37	PASS	1	N/A		
6:108670065_T>C	6:108670065	T	C	1/1	66.77	PASS	1	N/A		
6:108670603_T>C	6:108670603	T	C	1/1	63.05	PASS	1	N/A		
6:108671608_A>G	6:108671608	A	G	1/1	64.83	PASS	1	N/A		
6:108672958_A>G	6:108672958	A	G	1/1	66.07	PASS	1	N/A		
6:108673230_C>T	6:108673230	C	T	1/1	65.97	PASS	1	N/A		
6:108673623_G>A	6:108673623	G	A	1/1	66.83	PASS	1	N/A		
6:108675350_T>C	6:108675350	T	C	1/1	65.1	PASS	1	N/A		
6:108675545_T>G	6:108675545	T	G	1/1	60.89	PASS	1	N/A		
6:108675760_G>T	6:108675760	G	T	1/1	56.49	PASS	1	N/A		
6:108676232_G>A	6:108676232	G	A	1/1	59.87	PASS	1	N/A		
6:108676408_G>A	6:108676408	G	A	1/1	65.58	PASS	1	N/A		
6:108677063_A>G	6:108677063	A	G	1/1	63.64	PASS	1	N/A		
6:108677702_G>C	6:108677702	G	C	1/1	65.68	PASS	1	N/A		
6:108677898_G>A	6:108677898	G	A	1/1	59.42	PASS	1	N/A		
6:108677992_A>G	6:108677992	A	G	1/1	61.8	PASS	1	N/A		
6:108678084_A>G	6:108678084	A	G	1/1	66.06	PASS	1	N/A		
6:108678493_C>CT	6:108678493	C	CT	1/1	54.91	PASS	1	N/A		
6:108678890_T>TTTTTTTC	6:108678890	T	TTTTTTTC	1/1	43.59	PASS	1	N/A		
6:108679073_A>G	6:108679073	A	G	1/1	70.22	PASS	1	N/A		
6:108679113_T>C	6:108679113	T	C	1|1	68.51	PASS	1	N/A		
6:108679128_T>C	6:108679128	T	C	1|1	67.35	PASS	1	N/A		
6:108679539_A>G	6:108679539	A	G	1/1	62.68	PASS	1	N/A		
6:108680751_G>GA	6:108680751	G	GA	1/1	54.03	PASS	1	N/A		
6:108680839_C>T	6:108680839	C	T	1/1	61.2	PASS	1	N/A		
6:108682118_T>C	6:108682118	T	C	1/1	57.9	PASS	1	N/A		
6:108682786_C>A	6:108682786	C	A	1/1	61.76	PASS	1	N/A		
6:108683599_T>C	6:108683599	T	C	0/1	33.11	PASS	0.5	N/A		
6:108683686_C>CA	6:108683686	C	CA	1/1	48.95	PASS	1	N/A		
6:108691196_CGA>C	6:108691196	CGA	C	0/1	41.76	PASS	0.5	N/A		
